day;date
1;01/03/2019
2;02/03/2019
3;03/03/2019
4;04/03/2019
5;05/03/2019
6;06/03/2019
7;07/03/2019
8;08/03/2019
9;09/03/2019
10;10/03/2019
11;11/03/2019
12;12/03/2019
13;13/03/2019
14;14/03/2019
15;15/03/2019
16;16/03/2019
17;17/03/2019
18;18/03/2019
19;19/03/2019
20;20/03/2019
21;21/03/2019
22;22/03/2019
23;23/03/2019
24;24/03/2019
25;25/03/2019
26;26/03/2019
27;27/03/2019
28;28/03/2019
29;29/03/2019
30;30/03/2019
31;31/03/2019
32;01/04/2019
33;02/04/2019
34;03/04/2019
35;04/04/2019
36;05/04/2019
37;06/04/2019
38;07/04/2019
39;08/04/2019
40;09/04/2019
41;10/04/2019
42;11/04/2019
43;12/04/2019
44;13/04/2019
45;14/04/2019
46;15/04/2019
47;16/04/2019
48;17/04/2019
49;18/04/2019
50;19/04/2019
51;20/04/2019
52;21/04/2019
53;22/04/2019
54;23/04/2019
55;24/04/2019
56;25/04/2019
57;26/04/2019
58;27/04/2019
59;28/04/2019
60;29/04/2019
61;30/04/2019
